x_center,y_center,count,x_width,y_width
0.264153424310359,-2.505551067136585,0.0,0.5309673784431491,0.1565178718672655
0.264153424310359,-2.3490331952693193,0.0,0.5309673784431491,0.1565178718672655
0.264153424310359,-2.192515323402054,0.0,0.5309673784431491,0.15651787186726507
0.264153424310359,-2.0359974515347887,0.0,0.5309673784431491,0.1565178718672655
0.264153424310359,-1.8794795796675232,0.0,0.5309673784431491,0.1565178718672655
0.264153424310359,-1.7229617078002577,0.0,0.5309673784431491,0.1565178718672653
0.264153424310359,-1.5664438359329926,0.0,0.5309673784431491,0.1565178718672653
0.264153424310359,-1.4099259640657271,0.0,0.5309673784431491,0.1565178718672655
0.264153424310359,-1.2534080921984616,0.0,0.5309673784431491,0.1565178718672655
0.264153424310359,-1.096890220331196,0.0,0.5309673784431491,0.1565178718672653
0.264153424310359,-0.9403723484639309,0.0,0.5309673784431491,0.1565178718672653
0.264153424310359,-0.7838544765966655,0.0,0.5309673784431491,0.1565178718672655
0.264153424310359,-0.6273366047294,0.0,0.5309673784431491,0.1565178718672655
0.264153424310359,-0.4708187328621347,0.0,0.5309673784431491,0.15651787186726507
0.264153424310359,-0.3143008609948694,0.0,0.5309673784431491,0.1565178718672655
0.264153424310359,-0.1577829891276039,0.0,0.5309673784431491,0.1565178718672655
0.264153424310359,-0.0012651172603383998,0.0,0.5309673784431491,0.1565178718672655
0.264153424310359,0.1552527546069271,1.0,0.5309673784431491,0.1565178718672655
0.264153424310359,0.3117706264741924,5.0,0.5309673784431491,0.15651787186726507
0.264153424310359,0.4682884983414577,17.0,0.5309673784431491,0.1565178718672655
0.264153424310359,0.6248063702087232,34.0,0.5309673784431491,0.1565178718672655
0.264153424310359,0.7813242420759885,66.0,0.5309673784431491,0.15651787186726507
0.264153424310359,0.9378421139432538,96.0,0.5309673784431491,0.1565178718672655
0.264153424310359,1.0943599858105193,97.0,0.5309673784431491,0.1565178718672655
0.264153424310359,1.2508778576777848,87.0,0.5309673784431491,0.1565178718672655
0.264153424310359,1.4073957295450503,41.0,0.5309673784431491,0.1565178718672655
0.264153424310359,1.5639136014123158,23.0,0.5309673784431491,0.1565178718672655
0.264153424310359,1.720431473279581,9.0,0.5309673784431491,0.15651787186726462
0.264153424310359,1.876949345146846,7.0,0.5309673784431491,0.1565178718672655
0.264153424310359,2.0334672170141115,3.0,0.5309673784431491,0.15651787186726596
0.795120802753508,-2.505551067136585,0.0,0.530967378443149,0.1565178718672655
0.795120802753508,-2.3490331952693193,0.0,0.530967378443149,0.1565178718672655
0.795120802753508,-2.192515323402054,0.0,0.530967378443149,0.15651787186726507
0.795120802753508,-2.0359974515347887,0.0,0.530967378443149,0.1565178718672655
0.795120802753508,-1.8794795796675232,0.0,0.530967378443149,0.1565178718672655
0.795120802753508,-1.7229617078002577,0.0,0.530967378443149,0.1565178718672653
0.795120802753508,-1.5664438359329926,0.0,0.530967378443149,0.1565178718672653
0.795120802753508,-1.4099259640657271,0.0,0.530967378443149,0.1565178718672655
0.795120802753508,-1.2534080921984616,0.0,0.530967378443149,0.1565178718672655
0.795120802753508,-1.096890220331196,0.0,0.530967378443149,0.1565178718672653
0.795120802753508,-0.9403723484639309,0.0,0.530967378443149,0.1565178718672653
0.795120802753508,-0.7838544765966655,0.0,0.530967378443149,0.1565178718672655
0.795120802753508,-0.6273366047294,0.0,0.530967378443149,0.1565178718672655
0.795120802753508,-0.4708187328621347,1.0,0.530967378443149,0.15651787186726507
0.795120802753508,-0.3143008609948694,2.0,0.530967378443149,0.1565178718672655
0.795120802753508,-0.1577829891276039,10.0,0.530967378443149,0.1565178718672655
0.795120802753508,-0.0012651172603383998,43.0,0.530967378443149,0.1565178718672655
0.795120802753508,0.1552527546069271,131.0,0.530967378443149,0.1565178718672655
0.795120802753508,0.3117706264741924,294.0,0.530967378443149,0.15651787186726507
0.795120802753508,0.4682884983414577,543.0,0.530967378443149,0.1565178718672655
0.795120802753508,0.6248063702087232,693.0,0.530967378443149,0.1565178718672655
0.795120802753508,0.7813242420759885,714.0,0.530967378443149,0.15651787186726507
0.795120802753508,0.9378421139432538,562.0,0.530967378443149,0.1565178718672655
0.795120802753508,1.0943599858105193,347.0,0.530967378443149,0.1565178718672655
0.795120802753508,1.2508778576777848,196.0,0.530967378443149,0.1565178718672655
0.795120802753508,1.4073957295450503,83.0,0.530967378443149,0.1565178718672655
0.795120802753508,1.5639136014123158,22.0,0.530967378443149,0.1565178718672655
0.795120802753508,1.720431473279581,9.0,0.530967378443149,0.15651787186726462
0.795120802753508,1.876949345146846,0.0,0.530967378443149,0.1565178718672655
0.795120802753508,2.0334672170141115,0.0,0.530967378443149,0.15651787186726596
1.3260881811966572,-2.505551067136585,0.0,0.530967378443149,0.1565178718672655
1.3260881811966572,-2.3490331952693193,0.0,0.530967378443149,0.1565178718672655
1.3260881811966572,-2.192515323402054,0.0,0.530967378443149,0.15651787186726507
1.3260881811966572,-2.0359974515347887,0.0,0.530967378443149,0.1565178718672655
1.3260881811966572,-1.8794795796675232,0.0,0.530967378443149,0.1565178718672655
1.3260881811966572,-1.7229617078002577,0.0,0.530967378443149,0.1565178718672653
1.3260881811966572,-1.5664438359329926,0.0,0.530967378443149,0.1565178718672653
1.3260881811966572,-1.4099259640657271,0.0,0.530967378443149,0.1565178718672655
1.3260881811966572,-1.2534080921984616,0.0,0.530967378443149,0.1565178718672655
1.3260881811966572,-1.096890220331196,0.0,0.530967378443149,0.1565178718672653
1.3260881811966572,-0.9403723484639309,0.0,0.530967378443149,0.1565178718672653
1.3260881811966572,-0.7838544765966655,2.0,0.530967378443149,0.1565178718672655
1.3260881811966572,-0.6273366047294,7.0,0.530967378443149,0.1565178718672655
1.3260881811966572,-0.4708187328621347,23.0,0.530967378443149,0.15651787186726507
1.3260881811966572,-0.3143008609948694,79.0,0.530967378443149,0.1565178718672655
1.3260881811966572,-0.1577829891276039,207.0,0.530967378443149,0.1565178718672655
1.3260881811966572,-0.0012651172603383998,470.0,0.530967378443149,0.1565178718672655
1.3260881811966572,0.1552527546069271,761.0,0.530967378443149,0.1565178718672655
1.3260881811966572,0.3117706264741924,915.0,0.530967378443149,0.15651787186726507
1.3260881811966572,0.4682884983414577,894.0,0.530967378443149,0.1565178718672655
1.3260881811966572,0.6248063702087232,613.0,0.530967378443149,0.1565178718672655
1.3260881811966572,0.7813242420759885,320.0,0.530967378443149,0.15651787186726507
1.3260881811966572,0.9378421139432538,130.0,0.530967378443149,0.1565178718672655
1.3260881811966572,1.0943599858105193,40.0,0.530967378443149,0.1565178718672655
1.3260881811966572,1.2508778576777848,9.0,0.530967378443149,0.1565178718672655
1.3260881811966572,1.4073957295450503,1.0,0.530967378443149,0.1565178718672655
1.3260881811966572,1.5639136014123158,0.0,0.530967378443149,0.1565178718672655
1.3260881811966572,1.720431473279581,0.0,0.530967378443149,0.15651787186726462
1.3260881811966572,1.876949345146846,0.0,0.530967378443149,0.1565178718672655
1.3260881811966572,2.0334672170141115,0.0,0.530967378443149,0.15651787186726596
1.8570555596398064,-2.505551067136585,0.0,0.5309673784431495,0.1565178718672655
1.8570555596398064,-2.3490331952693193,0.0,0.5309673784431495,0.1565178718672655
1.8570555596398064,-2.192515323402054,0.0,0.5309673784431495,0.15651787186726507
1.8570555596398064,-2.0359974515347887,0.0,0.5309673784431495,0.1565178718672655
1.8570555596398064,-1.8794795796675232,0.0,0.5309673784431495,0.1565178718672655
1.8570555596398064,-1.7229617078002577,0.0,0.5309673784431495,0.1565178718672653
1.8570555596398064,-1.5664438359329926,0.0,0.5309673784431495,0.1565178718672653
1.8570555596398064,-1.4099259640657271,0.0,0.5309673784431495,0.1565178718672655
1.8570555596398064,-1.2534080921984616,0.0,0.5309673784431495,0.1565178718672655
1.8570555596398064,-1.096890220331196,0.0,0.5309673784431495,0.1565178718672653
1.8570555596398064,-0.9403723484639309,4.0,0.5309673784431495,0.1565178718672653
1.8570555596398064,-0.7838544765966655,18.0,0.5309673784431495,0.1565178718672655
1.8570555596398064,-0.6273366047294,106.0,0.5309673784431495,0.1565178718672655
1.8570555596398064,-0.4708187328621347,271.0,0.5309673784431495,0.15651787186726507
1.8570555596398064,-0.3143008609948694,570.0,0.5309673784431495,0.1565178718672655
1.8570555596398064,-0.1577829891276039,874.0,0.5309673784431495,0.1565178718672655
1.8570555596398064,-0.0012651172603383998,970.0,0.5309673784431495,0.1565178718672655
1.8570555596398064,0.1552527546069271,869.0,0.5309673784431495,0.1565178718672655
1.8570555596398064,0.3117706264741924,539.0,0.5309673784431495,0.15651787186726507
1.8570555596398064,0.4682884983414577,238.0,0.5309673784431495,0.1565178718672655
1.8570555596398064,0.6248063702087232,73.0,0.5309673784431495,0.1565178718672655
1.8570555596398064,0.7813242420759885,18.0,0.5309673784431495,0.15651787186726507
1.8570555596398064,0.9378421139432538,4.0,0.5309673784431495,0.1565178718672655
1.8570555596398064,1.0943599858105193,1.0,0.5309673784431495,0.1565178718672655
1.8570555596398064,1.2508778576777848,0.0,0.5309673784431495,0.1565178718672655
1.8570555596398064,1.4073957295450503,0.0,0.5309673784431495,0.1565178718672655
1.8570555596398064,1.5639136014123158,0.0,0.5309673784431495,0.1565178718672655
1.8570555596398064,1.720431473279581,0.0,0.5309673784431495,0.15651787186726462
1.8570555596398064,1.876949345146846,0.0,0.5309673784431495,0.1565178718672655
1.8570555596398064,2.0334672170141115,0.0,0.5309673784431495,0.15651787186726596
2.3880229380829556,-2.505551067136585,0.0,0.5309673784431492,0.1565178718672655
2.3880229380829556,-2.3490331952693193,0.0,0.5309673784431492,0.1565178718672655
2.3880229380829556,-2.192515323402054,0.0,0.5309673784431492,0.15651787186726507
2.3880229380829556,-2.0359974515347887,0.0,0.5309673784431492,0.1565178718672655
2.3880229380829556,-1.8794795796675232,0.0,0.5309673784431492,0.1565178718672655
2.3880229380829556,-1.7229617078002577,0.0,0.5309673784431492,0.1565178718672653
2.3880229380829556,-1.5664438359329926,0.0,0.5309673784431492,0.1565178718672653
2.3880229380829556,-1.4099259640657271,2.0,0.5309673784431492,0.1565178718672655
2.3880229380829556,-1.2534080921984616,3.0,0.5309673784431492,0.1565178718672655
2.3880229380829556,-1.096890220331196,17.0,0.5309673784431492,0.1565178718672653
2.3880229380829556,-0.9403723484639309,77.0,0.5309673784431492,0.1565178718672653
2.3880229380829556,-0.7838544765966655,238.0,0.5309673784431492,0.1565178718672655
2.3880229380829556,-0.6273366047294,591.0,0.5309673784431492,0.1565178718672655
2.3880229380829556,-0.4708187328621347,890.0,0.5309673784431492,0.15651787186726507
2.3880229380829556,-0.3143008609948694,1044.0,0.5309673784431492,0.1565178718672655
2.3880229380829556,-0.1577829891276039,842.0,0.5309673784431492,0.1565178718672655
2.3880229380829556,-0.0012651172603383998,479.0,0.5309673784431492,0.1565178718672655
2.3880229380829556,0.1552527546069271,178.0,0.5309673784431492,0.1565178718672655
2.3880229380829556,0.3117706264741924,49.0,0.5309673784431492,0.15651787186726507
2.3880229380829556,0.4682884983414577,19.0,0.5309673784431492,0.1565178718672655
2.3880229380829556,0.6248063702087232,4.0,0.5309673784431492,0.1565178718672655
2.3880229380829556,0.7813242420759885,0.0,0.5309673784431492,0.15651787186726507
2.3880229380829556,0.9378421139432538,0.0,0.5309673784431492,0.1565178718672655
2.3880229380829556,1.0943599858105193,0.0,0.5309673784431492,0.1565178718672655
2.3880229380829556,1.2508778576777848,0.0,0.5309673784431492,0.1565178718672655
2.3880229380829556,1.4073957295450503,0.0,0.5309673784431492,0.1565178718672655
2.3880229380829556,1.5639136014123158,0.0,0.5309673784431492,0.1565178718672655
2.3880229380829556,1.720431473279581,0.0,0.5309673784431492,0.15651787186726462
2.3880229380829556,1.876949345146846,0.0,0.5309673784431492,0.1565178718672655
2.3880229380829556,2.0334672170141115,0.0,0.5309673784431492,0.15651787186726596
2.918990316526105,-2.505551067136585,0.0,0.5309673784431488,0.1565178718672655
2.918990316526105,-2.3490331952693193,0.0,0.5309673784431488,0.1565178718672655
2.918990316526105,-2.192515323402054,0.0,0.5309673784431488,0.15651787186726507
2.918990316526105,-2.0359974515347887,0.0,0.5309673784431488,0.1565178718672655
2.918990316526105,-1.8794795796675232,0.0,0.5309673784431488,0.1565178718672655
2.918990316526105,-1.7229617078002577,0.0,0.5309673784431488,0.1565178718672653
2.918990316526105,-1.5664438359329926,3.0,0.5309673784431488,0.1565178718672653
2.918990316526105,-1.4099259640657271,16.0,0.5309673784431488,0.1565178718672655
2.918990316526105,-1.2534080921984616,46.0,0.5309673784431488,0.1565178718672655
2.918990316526105,-1.096890220331196,178.0,0.5309673784431488,0.1565178718672653
2.918990316526105,-0.9403723484639309,469.0,0.5309673784431488,0.1565178718672653
2.918990316526105,-0.7838544765966655,847.0,0.5309673784431488,0.1565178718672655
2.918990316526105,-0.6273366047294,1070.0,0.5309673784431488,0.1565178718672655
2.918990316526105,-0.4708187328621347,899.0,0.5309673784431488,0.15651787186726507
2.918990316526105,-0.3143008609948694,549.0,0.5309673784431488,0.1565178718672655
2.918990316526105,-0.1577829891276039,239.0,0.5309673784431488,0.1565178718672655
2.918990316526105,-0.0012651172603383998,61.0,0.5309673784431488,0.1565178718672655
2.918990316526105,0.1552527546069271,10.0,0.5309673784431488,0.1565178718672655
2.918990316526105,0.3117706264741924,1.0,0.5309673784431488,0.15651787186726507
2.918990316526105,0.4682884983414577,0.0,0.5309673784431488,0.1565178718672655
2.918990316526105,0.6248063702087232,0.0,0.5309673784431488,0.1565178718672655
2.918990316526105,0.7813242420759885,0.0,0.5309673784431488,0.15651787186726507
2.918990316526105,0.9378421139432538,0.0,0.5309673784431488,0.1565178718672655
2.918990316526105,1.0943599858105193,0.0,0.5309673784431488,0.1565178718672655
2.918990316526105,1.2508778576777848,0.0,0.5309673784431488,0.1565178718672655
2.918990316526105,1.4073957295450503,0.0,0.5309673784431488,0.1565178718672655
2.918990316526105,1.5639136014123158,0.0,0.5309673784431488,0.1565178718672655
2.918990316526105,1.720431473279581,0.0,0.5309673784431488,0.15651787186726462
2.918990316526105,1.876949345146846,0.0,0.5309673784431488,0.1565178718672655
2.918990316526105,2.0334672170141115,0.0,0.5309673784431488,0.15651787186726596
3.4499576949692536,-2.505551067136585,0.0,0.5309673784431492,0.1565178718672655
3.4499576949692536,-2.3490331952693193,0.0,0.5309673784431492,0.1565178718672655
3.4499576949692536,-2.192515323402054,0.0,0.5309673784431492,0.15651787186726507
3.4499576949692536,-2.0359974515347887,0.0,0.5309673784431492,0.1565178718672655
3.4499576949692536,-1.8794795796675232,1.0,0.5309673784431492,0.1565178718672655
3.4499576949692536,-1.7229617078002577,4.0,0.5309673784431492,0.1565178718672653
3.4499576949692536,-1.5664438359329926,24.0,0.5309673784431492,0.1565178718672653
3.4499576949692536,-1.4099259640657271,90.0,0.5309673784431492,0.1565178718672655
3.4499576949692536,-1.2534080921984616,290.0,0.5309673784431492,0.1565178718672655
3.4499576949692536,-1.096890220331196,664.0,0.5309673784431492,0.1565178718672653
3.4499576949692536,-0.9403723484639309,1022.0,0.5309673784431492,0.1565178718672653
3.4499576949692536,-0.7838544765966655,1006.0,0.5309673784431492,0.1565178718672655
3.4499576949692536,-0.6273366047294,685.0,0.5309673784431492,0.1565178718672655
3.4499576949692536,-0.4708187328621347,362.0,0.5309673784431492,0.15651787186726507
3.4499576949692536,-0.3143008609948694,106.0,0.5309673784431492,0.1565178718672655
3.4499576949692536,-0.1577829891276039,20.0,0.5309673784431492,0.1565178718672655
3.4499576949692536,-0.0012651172603383998,5.0,0.5309673784431492,0.1565178718672655
3.4499576949692536,0.1552527546069271,1.0,0.5309673784431492,0.1565178718672655
3.4499576949692536,0.3117706264741924,0.0,0.5309673784431492,0.15651787186726507
3.4499576949692536,0.4682884983414577,0.0,0.5309673784431492,0.1565178718672655
3.4499576949692536,0.6248063702087232,0.0,0.5309673784431492,0.1565178718672655
3.4499576949692536,0.7813242420759885,0.0,0.5309673784431492,0.15651787186726507
3.4499576949692536,0.9378421139432538,0.0,0.5309673784431492,0.1565178718672655
3.4499576949692536,1.0943599858105193,0.0,0.5309673784431492,0.1565178718672655
3.4499576949692536,1.2508778576777848,0.0,0.5309673784431492,0.1565178718672655
3.4499576949692536,1.4073957295450503,0.0,0.5309673784431492,0.1565178718672655
3.4499576949692536,1.5639136014123158,0.0,0.5309673784431492,0.1565178718672655
3.4499576949692536,1.720431473279581,0.0,0.5309673784431492,0.15651787186726462
3.4499576949692536,1.876949345146846,0.0,0.5309673784431492,0.1565178718672655
3.4499576949692536,2.0334672170141115,0.0,0.5309673784431492,0.15651787186726596
3.9809250734124024,-2.505551067136585,0.0,0.5309673784431488,0.1565178718672655
3.9809250734124024,-2.3490331952693193,0.0,0.5309673784431488,0.1565178718672655
3.9809250734124024,-2.192515323402054,0.0,0.5309673784431488,0.15651787186726507
3.9809250734124024,-2.0359974515347887,0.0,0.5309673784431488,0.1565178718672655
3.9809250734124024,-1.8794795796675232,2.0,0.5309673784431488,0.1565178718672655
3.9809250734124024,-1.7229617078002577,24.0,0.5309673784431488,0.1565178718672653
3.9809250734124024,-1.5664438359329926,127.0,0.5309673784431488,0.1565178718672653
3.9809250734124024,-1.4099259640657271,462.0,0.5309673784431488,0.1565178718672655
3.9809250734124024,-1.2534080921984616,860.0,0.5309673784431488,0.1565178718672655
3.9809250734124024,-1.096890220331196,1160.0,0.5309673784431488,0.1565178718672653
3.9809250734124024,-0.9403723484639309,1017.0,0.5309673784431488,0.1565178718672653
3.9809250734124024,-0.7838544765966655,570.0,0.5309673784431488,0.1565178718672655
3.9809250734124024,-0.6273366047294,214.0,0.5309673784431488,0.1565178718672655
3.9809250734124024,-0.4708187328621347,50.0,0.5309673784431488,0.15651787186726507
3.9809250734124024,-0.3143008609948694,8.0,0.5309673784431488,0.1565178718672655
3.9809250734124024,-0.1577829891276039,1.0,0.5309673784431488,0.1565178718672655
3.9809250734124024,-0.0012651172603383998,0.0,0.5309673784431488,0.1565178718672655
3.9809250734124024,0.1552527546069271,0.0,0.5309673784431488,0.1565178718672655
3.9809250734124024,0.3117706264741924,0.0,0.5309673784431488,0.15651787186726507
3.9809250734124024,0.4682884983414577,0.0,0.5309673784431488,0.1565178718672655
3.9809250734124024,0.6248063702087232,0.0,0.5309673784431488,0.1565178718672655
3.9809250734124024,0.7813242420759885,0.0,0.5309673784431488,0.15651787186726507
3.9809250734124024,0.9378421139432538,0.0,0.5309673784431488,0.1565178718672655
3.9809250734124024,1.0943599858105193,0.0,0.5309673784431488,0.1565178718672655
3.9809250734124024,1.2508778576777848,0.0,0.5309673784431488,0.1565178718672655
3.9809250734124024,1.4073957295450503,0.0,0.5309673784431488,0.1565178718672655
3.9809250734124024,1.5639136014123158,0.0,0.5309673784431488,0.1565178718672655
3.9809250734124024,1.720431473279581,0.0,0.5309673784431488,0.15651787186726462
3.9809250734124024,1.876949345146846,0.0,0.5309673784431488,0.1565178718672655
3.9809250734124024,2.0334672170141115,0.0,0.5309673784431488,0.15651787186726596
4.511892451855552,-2.505551067136585,0.0,0.5309673784431492,0.1565178718672655
4.511892451855552,-2.3490331952693193,0.0,0.5309673784431492,0.1565178718672655
4.511892451855552,-2.192515323402054,1.0,0.5309673784431492,0.15651787186726507
4.511892451855552,-2.0359974515347887,6.0,0.5309673784431492,0.1565178718672655
4.511892451855552,-1.8794795796675232,37.0,0.5309673784431492,0.1565178718672655
4.511892451855552,-1.7229617078002577,172.0,0.5309673784431492,0.1565178718672653
4.511892451855552,-1.5664438359329926,479.0,0.5309673784431492,0.1565178718672653
4.511892451855552,-1.4099259640657271,911.0,0.5309673784431492,0.1565178718672655
4.511892451855552,-1.2534080921984616,1162.0,0.5309673784431492,0.1565178718672655
4.511892451855552,-1.096890220331196,952.0,0.5309673784431492,0.1565178718672653
4.511892451855552,-0.9403723484639309,507.0,0.5309673784431492,0.1565178718672653
4.511892451855552,-0.7838544765966655,170.0,0.5309673784431492,0.1565178718672655
4.511892451855552,-0.6273366047294,38.0,0.5309673784431492,0.1565178718672655
4.511892451855552,-0.4708187328621347,2.0,0.5309673784431492,0.15651787186726507
4.511892451855552,-0.3143008609948694,0.0,0.5309673784431492,0.1565178718672655
4.511892451855552,-0.1577829891276039,0.0,0.5309673784431492,0.1565178718672655
4.511892451855552,-0.0012651172603383998,0.0,0.5309673784431492,0.1565178718672655
4.511892451855552,0.1552527546069271,0.0,0.5309673784431492,0.1565178718672655
4.511892451855552,0.3117706264741924,0.0,0.5309673784431492,0.15651787186726507
4.511892451855552,0.4682884983414577,0.0,0.5309673784431492,0.1565178718672655
4.511892451855552,0.6248063702087232,0.0,0.5309673784431492,0.1565178718672655
4.511892451855552,0.7813242420759885,0.0,0.5309673784431492,0.15651787186726507
4.511892451855552,0.9378421139432538,0.0,0.5309673784431492,0.1565178718672655
4.511892451855552,1.0943599858105193,0.0,0.5309673784431492,0.1565178718672655
4.511892451855552,1.2508778576777848,0.0,0.5309673784431492,0.1565178718672655
4.511892451855552,1.4073957295450503,0.0,0.5309673784431492,0.1565178718672655
4.511892451855552,1.5639136014123158,0.0,0.5309673784431492,0.1565178718672655
4.511892451855552,1.720431473279581,0.0,0.5309673784431492,0.15651787186726462
4.511892451855552,1.876949345146846,0.0,0.5309673784431492,0.1565178718672655
4.511892451855552,2.0334672170141115,0.0,0.5309673784431492,0.15651787186726596
5.042859830298701,-2.505551067136585,0.0,0.5309673784431492,0.1565178718672655
5.042859830298701,-2.3490331952693193,0.0,0.5309673784431492,0.1565178718672655
5.042859830298701,-2.192515323402054,1.0,0.5309673784431492,0.15651787186726507
5.042859830298701,-2.0359974515347887,23.0,0.5309673784431492,0.1565178718672655
5.042859830298701,-1.8794795796675232,140.0,0.5309673784431492,0.1565178718672655
5.042859830298701,-1.7229617078002577,450.0,0.5309673784431492,0.1565178718672653
5.042859830298701,-1.5664438359329926,977.0,0.5309673784431492,0.1565178718672653
5.042859830298701,-1.4099259640657271,1205.0,0.5309673784431492,0.1565178718672655
5.042859830298701,-1.2534080921984616,1004.0,0.5309673784431492,0.1565178718672655
5.042859830298701,-1.096890220331196,451.0,0.5309673784431492,0.1565178718672653
5.042859830298701,-0.9403723484639309,132.0,0.5309673784431492,0.1565178718672653
5.042859830298701,-0.7838544765966655,34.0,0.5309673784431492,0.1565178718672655
5.042859830298701,-0.6273366047294,3.0,0.5309673784431492,0.1565178718672655
5.042859830298701,-0.4708187328621347,0.0,0.5309673784431492,0.15651787186726507
5.042859830298701,-0.3143008609948694,0.0,0.5309673784431492,0.1565178718672655
5.042859830298701,-0.1577829891276039,0.0,0.5309673784431492,0.1565178718672655
5.042859830298701,-0.0012651172603383998,0.0,0.5309673784431492,0.1565178718672655
5.042859830298701,0.1552527546069271,0.0,0.5309673784431492,0.1565178718672655
5.042859830298701,0.3117706264741924,0.0,0.5309673784431492,0.15651787186726507
5.042859830298701,0.4682884983414577,0.0,0.5309673784431492,0.1565178718672655
5.042859830298701,0.6248063702087232,0.0,0.5309673784431492,0.1565178718672655
5.042859830298701,0.7813242420759885,0.0,0.5309673784431492,0.15651787186726507
5.042859830298701,0.9378421139432538,0.0,0.5309673784431492,0.1565178718672655
5.042859830298701,1.0943599858105193,0.0,0.5309673784431492,0.1565178718672655
5.042859830298701,1.2508778576777848,0.0,0.5309673784431492,0.1565178718672655
5.042859830298701,1.4073957295450503,0.0,0.5309673784431492,0.1565178718672655
5.042859830298701,1.5639136014123158,0.0,0.5309673784431492,0.1565178718672655
5.042859830298701,1.720431473279581,0.0,0.5309673784431492,0.15651787186726462
5.042859830298701,1.876949345146846,0.0,0.5309673784431492,0.1565178718672655
5.042859830298701,2.0334672170141115,0.0,0.5309673784431492,0.15651787186726596
5.57382720874185,-2.505551067136585,0.0,0.5309673784431492,0.1565178718672655
5.57382720874185,-2.3490331952693193,1.0,0.5309673784431492,0.1565178718672655
5.57382720874185,-2.192515323402054,16.0,0.5309673784431492,0.15651787186726507
5.57382720874185,-2.0359974515347887,103.0,0.5309673784431492,0.1565178718672655
5.57382720874185,-1.8794795796675232,351.0,0.5309673784431492,0.1565178718672655
5.57382720874185,-1.7229617078002577,878.0,0.5309673784431492,0.1565178718672653
5.57382720874185,-1.5664438359329926,1240.0,0.5309673784431492,0.1565178718672653
5.57382720874185,-1.4099259640657271,1114.0,0.5309673784431492,0.1565178718672655
5.57382720874185,-1.2534080921984616,540.0,0.5309673784431492,0.1565178718672655
5.57382720874185,-1.096890220331196,193.0,0.5309673784431492,0.1565178718672653
5.57382720874185,-0.9403723484639309,38.0,0.5309673784431492,0.1565178718672653
5.57382720874185,-0.7838544765966655,3.0,0.5309673784431492,0.1565178718672655
5.57382720874185,-0.6273366047294,0.0,0.5309673784431492,0.1565178718672655
5.57382720874185,-0.4708187328621347,0.0,0.5309673784431492,0.15651787186726507
5.57382720874185,-0.3143008609948694,0.0,0.5309673784431492,0.1565178718672655
5.57382720874185,-0.1577829891276039,0.0,0.5309673784431492,0.1565178718672655
5.57382720874185,-0.0012651172603383998,0.0,0.5309673784431492,0.1565178718672655
5.57382720874185,0.1552527546069271,0.0,0.5309673784431492,0.1565178718672655
5.57382720874185,0.3117706264741924,0.0,0.5309673784431492,0.15651787186726507
5.57382720874185,0.4682884983414577,0.0,0.5309673784431492,0.1565178718672655
5.57382720874185,0.6248063702087232,0.0,0.5309673784431492,0.1565178718672655
5.57382720874185,0.7813242420759885,0.0,0.5309673784431492,0.15651787186726507
5.57382720874185,0.9378421139432538,0.0,0.5309673784431492,0.1565178718672655
5.57382720874185,1.0943599858105193,0.0,0.5309673784431492,0.1565178718672655
5.57382720874185,1.2508778576777848,0.0,0.5309673784431492,0.1565178718672655
5.57382720874185,1.4073957295450503,0.0,0.5309673784431492,0.1565178718672655
5.57382720874185,1.5639136014123158,0.0,0.5309673784431492,0.1565178718672655
5.57382720874185,1.720431473279581,0.0,0.5309673784431492,0.15651787186726462
5.57382720874185,1.876949345146846,0.0,0.5309673784431492,0.1565178718672655
5.57382720874185,2.0334672170141115,0.0,0.5309673784431492,0.15651787186726596
6.104794587184999,-2.505551067136585,1.0,0.5309673784431483,0.1565178718672655
6.104794587184999,-2.3490331952693193,5.0,0.5309673784431483,0.1565178718672655
6.104794587184999,-2.192515323402054,39.0,0.5309673784431483,0.15651787186726507
6.104794587184999,-2.0359974515347887,220.0,0.5309673784431483,0.1565178718672655
6.104794587184999,-1.8794795796675232,677.0,0.5309673784431483,0.1565178718672655
6.104794587184999,-1.7229617078002577,1135.0,0.5309673784431483,0.1565178718672653
6.104794587184999,-1.5664438359329926,1306.0,0.5309673784431483,0.1565178718672653
6.104794587184999,-1.4099259640657271,743.0,0.5309673784431483,0.1565178718672655
6.104794587184999,-1.2534080921984616,283.0,0.5309673784431483,0.1565178718672655
6.104794587184999,-1.096890220331196,66.0,0.5309673784431483,0.1565178718672653
6.104794587184999,-0.9403723484639309,8.0,0.5309673784431483,0.1565178718672653
6.104794587184999,-0.7838544765966655,2.0,0.5309673784431483,0.1565178718672655
6.104794587184999,-0.6273366047294,0.0,0.5309673784431483,0.1565178718672655
6.104794587184999,-0.4708187328621347,0.0,0.5309673784431483,0.15651787186726507
6.104794587184999,-0.3143008609948694,0.0,0.5309673784431483,0.1565178718672655
6.104794587184999,-0.1577829891276039,0.0,0.5309673784431483,0.1565178718672655
6.104794587184999,-0.0012651172603383998,0.0,0.5309673784431483,0.1565178718672655
6.104794587184999,0.1552527546069271,0.0,0.5309673784431483,0.1565178718672655
6.104794587184999,0.3117706264741924,0.0,0.5309673784431483,0.15651787186726507
6.104794587184999,0.4682884983414577,0.0,0.5309673784431483,0.1565178718672655
6.104794587184999,0.6248063702087232,0.0,0.5309673784431483,0.1565178718672655
6.104794587184999,0.7813242420759885,0.0,0.5309673784431483,0.15651787186726507
6.104794587184999,0.9378421139432538,0.0,0.5309673784431483,0.1565178718672655
6.104794587184999,1.0943599858105193,0.0,0.5309673784431483,0.1565178718672655
6.104794587184999,1.2508778576777848,0.0,0.5309673784431483,0.1565178718672655
6.104794587184999,1.4073957295450503,0.0,0.5309673784431483,0.1565178718672655
6.104794587184999,1.5639136014123158,0.0,0.5309673784431483,0.1565178718672655
6.104794587184999,1.720431473279581,0.0,0.5309673784431483,0.15651787186726462
6.104794587184999,1.876949345146846,0.0,0.5309673784431483,0.1565178718672655
6.104794587184999,2.0334672170141115,0.0,0.5309673784431483,0.15651787186726596
6.635761965628148,-2.505551067136585,5.0,0.5309673784431492,0.1565178718672655
6.635761965628148,-2.3490331952693193,7.0,0.5309673784431492,0.1565178718672655
6.635761965628148,-2.192515323402054,83.0,0.5309673784431492,0.15651787186726507
6.635761965628148,-2.0359974515347887,373.0,0.5309673784431492,0.1565178718672655
6.635761965628148,-1.8794795796675232,937.0,0.5309673784431492,0.1565178718672655
6.635761965628148,-1.7229617078002577,1331.0,0.5309673784431492,0.1565178718672653
6.635761965628148,-1.5664438359329926,1120.0,0.5309673784431492,0.1565178718672653
6.635761965628148,-1.4099259640657271,536.0,0.5309673784431492,0.1565178718672655
6.635761965628148,-1.2534080921984616,161.0,0.5309673784431492,0.1565178718672655
6.635761965628148,-1.096890220331196,24.0,0.5309673784431492,0.1565178718672653
6.635761965628148,-0.9403723484639309,3.0,0.5309673784431492,0.1565178718672653
6.635761965628148,-0.7838544765966655,0.0,0.5309673784431492,0.1565178718672655
6.635761965628148,-0.6273366047294,0.0,0.5309673784431492,0.1565178718672655
6.635761965628148,-0.4708187328621347,0.0,0.5309673784431492,0.15651787186726507
6.635761965628148,-0.3143008609948694,0.0,0.5309673784431492,0.1565178718672655
6.635761965628148,-0.1577829891276039,0.0,0.5309673784431492,0.1565178718672655
6.635761965628148,-0.0012651172603383998,0.0,0.5309673784431492,0.1565178718672655
6.635761965628148,0.1552527546069271,0.0,0.5309673784431492,0.1565178718672655
6.635761965628148,0.3117706264741924,0.0,0.5309673784431492,0.15651787186726507
6.635761965628148,0.4682884983414577,0.0,0.5309673784431492,0.1565178718672655
6.635761965628148,0.6248063702087232,0.0,0.5309673784431492,0.1565178718672655
6.635761965628148,0.7813242420759885,0.0,0.5309673784431492,0.15651787186726507
6.635761965628148,0.9378421139432538,0.0,0.5309673784431492,0.1565178718672655
6.635761965628148,1.0943599858105193,0.0,0.5309673784431492,0.1565178718672655
6.635761965628148,1.2508778576777848,0.0,0.5309673784431492,0.1565178718672655
6.635761965628148,1.4073957295450503,0.0,0.5309673784431492,0.1565178718672655
6.635761965628148,1.5639136014123158,0.0,0.5309673784431492,0.1565178718672655
6.635761965628148,1.720431473279581,0.0,0.5309673784431492,0.15651787186726462
6.635761965628148,1.876949345146846,0.0,0.5309673784431492,0.1565178718672655
6.635761965628148,2.0334672170141115,0.0,0.5309673784431492,0.15651787186726596
7.166729344071297,-2.505551067136585,2.0,0.5309673784431492,0.1565178718672655
7.166729344071297,-2.3490331952693193,20.0,0.5309673784431492,0.1565178718672655
7.166729344071297,-2.192515323402054,114.0,0.5309673784431492,0.15651787186726507
7.166729344071297,-2.0359974515347887,477.0,0.5309673784431492,0.1565178718672655
7.166729344071297,-1.8794795796675232,1063.0,0.5309673784431492,0.1565178718672655
7.166729344071297,-1.7229617078002577,1380.0,0.5309673784431492,0.1565178718672653
7.166729344071297,-1.5664438359329926,985.0,0.5309673784431492,0.1565178718672653
7.166729344071297,-1.4099259640657271,427.0,0.5309673784431492,0.1565178718672655
7.166729344071297,-1.2534080921984616,86.0,0.5309673784431492,0.1565178718672655
7.166729344071297,-1.096890220331196,9.0,0.5309673784431492,0.1565178718672653
7.166729344071297,-0.9403723484639309,1.0,0.5309673784431492,0.1565178718672653
7.166729344071297,-0.7838544765966655,0.0,0.5309673784431492,0.1565178718672655
7.166729344071297,-0.6273366047294,0.0,0.5309673784431492,0.1565178718672655
7.166729344071297,-0.4708187328621347,0.0,0.5309673784431492,0.15651787186726507
7.166729344071297,-0.3143008609948694,0.0,0.5309673784431492,0.1565178718672655
7.166729344071297,-0.1577829891276039,0.0,0.5309673784431492,0.1565178718672655
7.166729344071297,-0.0012651172603383998,0.0,0.5309673784431492,0.1565178718672655
7.166729344071297,0.1552527546069271,0.0,0.5309673784431492,0.1565178718672655
7.166729344071297,0.3117706264741924,0.0,0.5309673784431492,0.15651787186726507
7.166729344071297,0.4682884983414577,0.0,0.5309673784431492,0.1565178718672655
7.166729344071297,0.6248063702087232,0.0,0.5309673784431492,0.1565178718672655
7.166729344071297,0.7813242420759885,0.0,0.5309673784431492,0.15651787186726507
7.166729344071297,0.9378421139432538,0.0,0.5309673784431492,0.1565178718672655
7.166729344071297,1.0943599858105193,0.0,0.5309673784431492,0.1565178718672655
7.166729344071297,1.2508778576777848,0.0,0.5309673784431492,0.1565178718672655
7.166729344071297,1.4073957295450503,0.0,0.5309673784431492,0.1565178718672655
7.166729344071297,1.5639136014123158,0.0,0.5309673784431492,0.1565178718672655
7.166729344071297,1.720431473279581,0.0,0.5309673784431492,0.15651787186726462
7.166729344071297,1.876949345146846,0.0,0.5309673784431492,0.1565178718672655
7.166729344071297,2.0334672170141115,0.0,0.5309673784431492,0.15651787186726596
7.697696722514446,-2.505551067136585,5.0,0.5309673784431492,0.1565178718672655
7.697696722514446,-2.3490331952693193,32.0,0.5309673784431492,0.1565178718672655
7.697696722514446,-2.192515323402054,176.0,0.5309673784431492,0.15651787186726507
7.697696722514446,-2.0359974515347887,536.0,0.5309673784431492,0.1565178718672655
7.697696722514446,-1.8794795796675232,1224.0,0.5309673784431492,0.1565178718672655
7.697696722514446,-1.7229617078002577,1478.0,0.5309673784431492,0.1565178718672653
7.697696722514446,-1.5664438359329926,923.0,0.5309673784431492,0.1565178718672653
7.697696722514446,-1.4099259640657271,350.0,0.5309673784431492,0.1565178718672655
7.697696722514446,-1.2534080921984616,78.0,0.5309673784431492,0.1565178718672655
7.697696722514446,-1.096890220331196,7.0,0.5309673784431492,0.1565178718672653
7.697696722514446,-0.9403723484639309,0.0,0.5309673784431492,0.1565178718672653
7.697696722514446,-0.7838544765966655,0.0,0.5309673784431492,0.1565178718672655
7.697696722514446,-0.6273366047294,0.0,0.5309673784431492,0.1565178718672655
7.697696722514446,-0.4708187328621347,0.0,0.5309673784431492,0.15651787186726507
7.697696722514446,-0.3143008609948694,0.0,0.5309673784431492,0.1565178718672655
7.697696722514446,-0.1577829891276039,0.0,0.5309673784431492,0.1565178718672655
7.697696722514446,-0.0012651172603383998,0.0,0.5309673784431492,0.1565178718672655
7.697696722514446,0.1552527546069271,0.0,0.5309673784431492,0.1565178718672655
7.697696722514446,0.3117706264741924,0.0,0.5309673784431492,0.15651787186726507
7.697696722514446,0.4682884983414577,0.0,0.5309673784431492,0.1565178718672655
7.697696722514446,0.6248063702087232,0.0,0.5309673784431492,0.1565178718672655
7.697696722514446,0.7813242420759885,0.0,0.5309673784431492,0.15651787186726507
7.697696722514446,0.9378421139432538,0.0,0.5309673784431492,0.1565178718672655
7.697696722514446,1.0943599858105193,0.0,0.5309673784431492,0.1565178718672655
7.697696722514446,1.2508778576777848,0.0,0.5309673784431492,0.1565178718672655
7.697696722514446,1.4073957295450503,0.0,0.5309673784431492,0.1565178718672655
7.697696722514446,1.5639136014123158,0.0,0.5309673784431492,0.1565178718672655
7.697696722514446,1.720431473279581,0.0,0.5309673784431492,0.15651787186726462
7.697696722514446,1.876949345146846,0.0,0.5309673784431492,0.1565178718672655
7.697696722514446,2.0334672170141115,0.0,0.5309673784431492,0.15651787186726596
8.228664100957594,-2.505551067136585,1.0,0.5309673784431492,0.1565178718672655
8.228664100957594,-2.3490331952693193,18.0,0.5309673784431492,0.1565178718672655
8.228664100957594,-2.192515323402054,156.0,0.5309673784431492,0.15651787186726507
8.228664100957594,-2.0359974515347887,569.0,0.5309673784431492,0.1565178718672655
8.228664100957594,-1.8794795796675232,1188.0,0.5309673784431492,0.1565178718672655
8.228664100957594,-1.7229617078002577,1448.0,0.5309673784431492,0.1565178718672653
8.228664100957594,-1.5664438359329926,1014.0,0.5309673784431492,0.1565178718672653
8.228664100957594,-1.4099259640657271,411.0,0.5309673784431492,0.1565178718672655
8.228664100957594,-1.2534080921984616,85.0,0.5309673784431492,0.1565178718672655
8.228664100957594,-1.096890220331196,12.0,0.5309673784431492,0.1565178718672653
8.228664100957594,-0.9403723484639309,1.0,0.5309673784431492,0.1565178718672653
8.228664100957594,-0.7838544765966655,0.0,0.5309673784431492,0.1565178718672655
8.228664100957594,-0.6273366047294,0.0,0.5309673784431492,0.1565178718672655
8.228664100957594,-0.4708187328621347,0.0,0.5309673784431492,0.15651787186726507
8.228664100957594,-0.3143008609948694,0.0,0.5309673784431492,0.1565178718672655
8.228664100957594,-0.1577829891276039,0.0,0.5309673784431492,0.1565178718672655
8.228664100957594,-0.0012651172603383998,0.0,0.5309673784431492,0.1565178718672655
8.228664100957594,0.1552527546069271,0.0,0.5309673784431492,0.1565178718672655
8.228664100957594,0.3117706264741924,0.0,0.5309673784431492,0.15651787186726507
8.228664100957594,0.4682884983414577,0.0,0.5309673784431492,0.1565178718672655
8.228664100957594,0.6248063702087232,0.0,0.5309673784431492,0.1565178718672655
8.228664100957594,0.7813242420759885,0.0,0.5309673784431492,0.15651787186726507
8.228664100957594,0.9378421139432538,0.0,0.5309673784431492,0.1565178718672655
8.228664100957594,1.0943599858105193,0.0,0.5309673784431492,0.1565178718672655
8.228664100957594,1.2508778576777848,0.0,0.5309673784431492,0.1565178718672655
8.228664100957594,1.4073957295450503,0.0,0.5309673784431492,0.1565178718672655
8.228664100957594,1.5639136014123158,0.0,0.5309673784431492,0.1565178718672655
8.228664100957594,1.720431473279581,0.0,0.5309673784431492,0.15651787186726462
8.228664100957594,1.876949345146846,0.0,0.5309673784431492,0.1565178718672655
8.228664100957594,2.0334672170141115,0.0,0.5309673784431492,0.15651787186726596
8.759631479400745,-2.505551067136585,1.0,0.5309673784431492,0.1565178718672655
8.759631479400745,-2.3490331952693193,11.0,0.5309673784431492,0.1565178718672655
8.759631479400745,-2.192515323402054,89.0,0.5309673784431492,0.15651787186726507
8.759631479400745,-2.0359974515347887,414.0,0.5309673784431492,0.1565178718672655
8.759631479400745,-1.8794795796675232,1039.0,0.5309673784431492,0.1565178718672655
8.759631479400745,-1.7229617078002577,1478.0,0.5309673784431492,0.1565178718672653
8.759631479400745,-1.5664438359329926,1154.0,0.5309673784431492,0.1565178718672653
8.759631479400745,-1.4099259640657271,559.0,0.5309673784431492,0.1565178718672655
8.759631479400745,-1.2534080921984616,124.0,0.5309673784431492,0.1565178718672655
8.759631479400745,-1.096890220331196,10.0,0.5309673784431492,0.1565178718672653
8.759631479400745,-0.9403723484639309,3.0,0.5309673784431492,0.1565178718672653
8.759631479400745,-0.7838544765966655,0.0,0.5309673784431492,0.1565178718672655
8.759631479400745,-0.6273366047294,0.0,0.5309673784431492,0.1565178718672655
8.759631479400745,-0.4708187328621347,0.0,0.5309673784431492,0.15651787186726507
8.759631479400745,-0.3143008609948694,0.0,0.5309673784431492,0.1565178718672655
8.759631479400745,-0.1577829891276039,0.0,0.5309673784431492,0.1565178718672655
8.759631479400745,-0.0012651172603383998,0.0,0.5309673784431492,0.1565178718672655
8.759631479400745,0.1552527546069271,0.0,0.5309673784431492,0.1565178718672655
8.759631479400745,0.3117706264741924,0.0,0.5309673784431492,0.15651787186726507
8.759631479400745,0.4682884983414577,0.0,0.5309673784431492,0.1565178718672655
8.759631479400745,0.6248063702087232,0.0,0.5309673784431492,0.1565178718672655
8.759631479400745,0.7813242420759885,0.0,0.5309673784431492,0.15651787186726507
8.759631479400745,0.9378421139432538,0.0,0.5309673784431492,0.1565178718672655
8.759631479400745,1.0943599858105193,0.0,0.5309673784431492,0.1565178718672655
8.759631479400745,1.2508778576777848,0.0,0.5309673784431492,0.1565178718672655
8.759631479400745,1.4073957295450503,0.0,0.5309673784431492,0.1565178718672655
8.759631479400745,1.5639136014123158,0.0,0.5309673784431492,0.1565178718672655
8.759631479400745,1.720431473279581,0.0,0.5309673784431492,0.15651787186726462
8.759631479400745,1.876949345146846,0.0,0.5309673784431492,0.1565178718672655
8.759631479400745,2.0334672170141115,0.0,0.5309673784431492,0.15651787186726596
9.290598857843893,-2.505551067136585,0.0,0.5309673784431492,0.1565178718672655
9.290598857843893,-2.3490331952693193,7.0,0.5309673784431492,0.1565178718672655
9.290598857843893,-2.192515323402054,44.0,0.5309673784431492,0.15651787186726507
9.290598857843893,-2.0359974515347887,259.0,0.5309673784431492,0.1565178718672655
9.290598857843893,-1.8794795796675232,760.0,0.5309673784431492,0.1565178718672655
9.290598857843893,-1.7229617078002577,1393.0,0.5309673784431492,0.1565178718672653
9.290598857843893,-1.5664438359329926,1387.0,0.5309673784431492,0.1565178718672653
9.290598857843893,-1.4099259640657271,782.0,0.5309673784431492,0.1565178718672655
9.290598857843893,-1.2534080921984616,249.0,0.5309673784431492,0.1565178718672655
9.290598857843893,-1.096890220331196,37.0,0.5309673784431492,0.1565178718672653
9.290598857843893,-0.9403723484639309,3.0,0.5309673784431492,0.1565178718672653
9.290598857843893,-0.7838544765966655,0.0,0.5309673784431492,0.1565178718672655
9.290598857843893,-0.6273366047294,0.0,0.5309673784431492,0.1565178718672655
9.290598857843893,-0.4708187328621347,0.0,0.5309673784431492,0.15651787186726507
9.290598857843893,-0.3143008609948694,0.0,0.5309673784431492,0.1565178718672655
9.290598857843893,-0.1577829891276039,0.0,0.5309673784431492,0.1565178718672655
9.290598857843893,-0.0012651172603383998,0.0,0.5309673784431492,0.1565178718672655
9.290598857843893,0.1552527546069271,0.0,0.5309673784431492,0.1565178718672655
9.290598857843893,0.3117706264741924,0.0,0.5309673784431492,0.15651787186726507
9.290598857843893,0.4682884983414577,0.0,0.5309673784431492,0.1565178718672655
9.290598857843893,0.6248063702087232,0.0,0.5309673784431492,0.1565178718672655
9.290598857843893,0.7813242420759885,0.0,0.5309673784431492,0.15651787186726507
9.290598857843893,0.9378421139432538,0.0,0.5309673784431492,0.1565178718672655
9.290598857843893,1.0943599858105193,0.0,0.5309673784431492,0.1565178718672655
9.290598857843893,1.2508778576777848,0.0,0.5309673784431492,0.1565178718672655
9.290598857843893,1.4073957295450503,0.0,0.5309673784431492,0.1565178718672655
9.290598857843893,1.5639136014123158,0.0,0.5309673784431492,0.1565178718672655
9.290598857843893,1.720431473279581,0.0,0.5309673784431492,0.15651787186726462
9.290598857843893,1.876949345146846,0.0,0.5309673784431492,0.1565178718672655
9.290598857843893,2.0334672170141115,0.0,0.5309673784431492,0.15651787186726596
9.821566236287044,-2.505551067136585,1.0,0.5309673784431492,0.1565178718672655
9.821566236287044,-2.3490331952693193,1.0,0.5309673784431492,0.1565178718672655
9.821566236287044,-2.192515323402054,17.0,0.5309673784431492,0.15651787186726507
9.821566236287044,-2.0359974515347887,99.0,0.5309673784431492,0.1565178718672655
9.821566236287044,-1.8794795796675232,390.0,0.5309673784431492,0.1565178718672655
9.821566236287044,-1.7229617078002577,1034.0,0.5309673784431492,0.1565178718672653
9.821566236287044,-1.5664438359329926,1471.0,0.5309673784431492,0.1565178718672653
9.821566236287044,-1.4099259640657271,1107.0,0.5309673784431492,0.1565178718672655
9.821566236287044,-1.2534080921984616,496.0,0.5309673784431492,0.1565178718672655
9.821566236287044,-1.096890220331196,126.0,0.5309673784431492,0.1565178718672653
9.821566236287044,-0.9403723484639309,25.0,0.5309673784431492,0.1565178718672653
9.821566236287044,-0.7838544765966655,1.0,0.5309673784431492,0.1565178718672655
9.821566236287044,-0.6273366047294,0.0,0.5309673784431492,0.1565178718672655
9.821566236287044,-0.4708187328621347,0.0,0.5309673784431492,0.15651787186726507
9.821566236287044,-0.3143008609948694,0.0,0.5309673784431492,0.1565178718672655
9.821566236287044,-0.1577829891276039,0.0,0.5309673784431492,0.1565178718672655
9.821566236287044,-0.0012651172603383998,0.0,0.5309673784431492,0.1565178718672655
9.821566236287044,0.1552527546069271,0.0,0.5309673784431492,0.1565178718672655
9.821566236287044,0.3117706264741924,0.0,0.5309673784431492,0.15651787186726507
9.821566236287044,0.4682884983414577,0.0,0.5309673784431492,0.1565178718672655
9.821566236287044,0.6248063702087232,0.0,0.5309673784431492,0.1565178718672655
9.821566236287044,0.7813242420759885,0.0,0.5309673784431492,0.15651787186726507
9.821566236287044,0.9378421139432538,0.0,0.5309673784431492,0.1565178718672655
9.821566236287044,1.0943599858105193,0.0,0.5309673784431492,0.1565178718672655
9.821566236287044,1.2508778576777848,0.0,0.5309673784431492,0.1565178718672655
9.821566236287044,1.4073957295450503,0.0,0.5309673784431492,0.1565178718672655
9.821566236287044,1.5639136014123158,0.0,0.5309673784431492,0.1565178718672655
9.821566236287044,1.720431473279581,0.0,0.5309673784431492,0.15651787186726462
9.821566236287044,1.876949345146846,0.0,0.5309673784431492,0.1565178718672655
9.821566236287044,2.0334672170141115,0.0,0.5309673784431492,0.15651787186726596
10.352533614730191,-2.505551067136585,0.0,0.5309673784431492,0.1565178718672655
10.352533614730191,-2.3490331952693193,1.0,0.5309673784431492,0.1565178718672655
10.352533614730191,-2.192515323402054,0.0,0.5309673784431492,0.15651787186726507
10.352533614730191,-2.0359974515347887,21.0,0.5309673784431492,0.1565178718672655
10.352533614730191,-1.8794795796675232,125.0,0.5309673784431492,0.1565178718672655
10.352533614730191,-1.7229617078002577,543.0,0.5309673784431492,0.1565178718672653
10.352533614730191,-1.5664438359329926,1156.0,0.5309673784431492,0.1565178718672653
10.352533614730191,-1.4099259640657271,1305.0,0.5309673784431492,0.1565178718672655
10.352533614730191,-1.2534080921984616,868.0,0.5309673784431492,0.1565178718672655
10.352533614730191,-1.096890220331196,366.0,0.5309673784431492,0.1565178718672653
10.352533614730191,-0.9403723484639309,63.0,0.5309673784431492,0.1565178718672653
10.352533614730191,-0.7838544765966655,16.0,0.5309673784431492,0.1565178718672655
10.352533614730191,-0.6273366047294,0.0,0.5309673784431492,0.1565178718672655
10.352533614730191,-0.4708187328621347,0.0,0.5309673784431492,0.15651787186726507
10.352533614730191,-0.3143008609948694,0.0,0.5309673784431492,0.1565178718672655
10.352533614730191,-0.1577829891276039,0.0,0.5309673784431492,0.1565178718672655
10.352533614730191,-0.0012651172603383998,0.0,0.5309673784431492,0.1565178718672655
10.352533614730191,0.1552527546069271,0.0,0.5309673784431492,0.1565178718672655
10.352533614730191,0.3117706264741924,0.0,0.5309673784431492,0.15651787186726507
10.352533614730191,0.4682884983414577,0.0,0.5309673784431492,0.1565178718672655
10.352533614730191,0.6248063702087232,0.0,0.5309673784431492,0.1565178718672655
10.352533614730191,0.7813242420759885,0.0,0.5309673784431492,0.15651787186726507
10.352533614730191,0.9378421139432538,0.0,0.5309673784431492,0.1565178718672655
10.352533614730191,1.0943599858105193,0.0,0.5309673784431492,0.1565178718672655
10.352533614730191,1.2508778576777848,0.0,0.5309673784431492,0.1565178718672655
10.352533614730191,1.4073957295450503,0.0,0.5309673784431492,0.1565178718672655
10.352533614730191,1.5639136014123158,0.0,0.5309673784431492,0.1565178718672655
10.352533614730191,1.720431473279581,0.0,0.5309673784431492,0.15651787186726462
10.352533614730191,1.876949345146846,0.0,0.5309673784431492,0.1565178718672655
10.352533614730191,2.0334672170141115,0.0,0.5309673784431492,0.15651787186726596
10.883500993173342,-2.505551067136585,0.0,0.5309673784431492,0.1565178718672655
10.883500993173342,-2.3490331952693193,0.0,0.5309673784431492,0.1565178718672655
10.883500993173342,-2.192515323402054,0.0,0.5309673784431492,0.15651787186726507
10.883500993173342,-2.0359974515347887,1.0,0.5309673784431492,0.1565178718672655
10.883500993173342,-1.8794795796675232,22.0,0.5309673784431492,0.1565178718672655
10.883500993173342,-1.7229617078002577,138.0,0.5309673784431492,0.1565178718672653
10.883500993173342,-1.5664438359329926,499.0,0.5309673784431492,0.1565178718672653
10.883500993173342,-1.4099259640657271,1049.0,0.5309673784431492,0.1565178718672655
10.883500993173342,-1.2534080921984616,1134.0,0.5309673784431492,0.1565178718672655
10.883500993173342,-1.096890220331196,790.0,0.5309673784431492,0.1565178718672653
10.883500993173342,-0.9403723484639309,292.0,0.5309673784431492,0.1565178718672653
10.883500993173342,-0.7838544765966655,61.0,0.5309673784431492,0.1565178718672655
10.883500993173342,-0.6273366047294,4.0,0.5309673784431492,0.1565178718672655
10.883500993173342,-0.4708187328621347,0.0,0.5309673784431492,0.15651787186726507
10.883500993173342,-0.3143008609948694,0.0,0.5309673784431492,0.1565178718672655
10.883500993173342,-0.1577829891276039,0.0,0.5309673784431492,0.1565178718672655
10.883500993173342,-0.0012651172603383998,0.0,0.5309673784431492,0.1565178718672655
10.883500993173342,0.1552527546069271,0.0,0.5309673784431492,0.1565178718672655
10.883500993173342,0.3117706264741924,0.0,0.5309673784431492,0.15651787186726507
10.883500993173342,0.4682884983414577,0.0,0.5309673784431492,0.1565178718672655
10.883500993173342,0.6248063702087232,0.0,0.5309673784431492,0.1565178718672655
10.883500993173342,0.7813242420759885,0.0,0.5309673784431492,0.15651787186726507
10.883500993173342,0.9378421139432538,0.0,0.5309673784431492,0.1565178718672655
10.883500993173342,1.0943599858105193,0.0,0.5309673784431492,0.1565178718672655
10.883500993173342,1.2508778576777848,0.0,0.5309673784431492,0.1565178718672655
10.883500993173342,1.4073957295450503,0.0,0.5309673784431492,0.1565178718672655
10.883500993173342,1.5639136014123158,0.0,0.5309673784431492,0.1565178718672655
10.883500993173342,1.720431473279581,0.0,0.5309673784431492,0.15651787186726462
10.883500993173342,1.876949345146846,0.0,0.5309673784431492,0.1565178718672655
10.883500993173342,2.0334672170141115,0.0,0.5309673784431492,0.15651787186726596
11.41446837161649,-2.505551067136585,0.0,0.5309673784431492,0.1565178718672655
11.41446837161649,-2.3490331952693193,0.0,0.5309673784431492,0.1565178718672655
11.41446837161649,-2.192515323402054,0.0,0.5309673784431492,0.15651787186726507
11.41446837161649,-2.0359974515347887,0.0,0.5309673784431492,0.1565178718672655
11.41446837161649,-1.8794795796675232,2.0,0.5309673784431492,0.1565178718672655
11.41446837161649,-1.7229617078002577,13.0,0.5309673784431492,0.1565178718672653
11.41446837161649,-1.5664438359329926,100.0,0.5309673784431492,0.1565178718672653
11.41446837161649,-1.4099259640657271,335.0,0.5309673784431492,0.1565178718672655
11.41446837161649,-1.2534080921984616,811.0,0.5309673784431492,0.1565178718672655
11.41446837161649,-1.096890220331196,960.0,0.5309673784431492,0.1565178718672653
11.41446837161649,-0.9403723484639309,655.0,0.5309673784431492,0.1565178718672653
11.41446837161649,-0.7838544765966655,232.0,0.5309673784431492,0.1565178718672655
11.41446837161649,-0.6273366047294,63.0,0.5309673784431492,0.1565178718672655
11.41446837161649,-0.4708187328621347,7.0,0.5309673784431492,0.15651787186726507
11.41446837161649,-0.3143008609948694,0.0,0.5309673784431492,0.1565178718672655
11.41446837161649,-0.1577829891276039,0.0,0.5309673784431492,0.1565178718672655
11.41446837161649,-0.0012651172603383998,0.0,0.5309673784431492,0.1565178718672655
11.41446837161649,0.1552527546069271,0.0,0.5309673784431492,0.1565178718672655
11.41446837161649,0.3117706264741924,0.0,0.5309673784431492,0.15651787186726507
11.41446837161649,0.4682884983414577,0.0,0.5309673784431492,0.1565178718672655
11.41446837161649,0.6248063702087232,0.0,0.5309673784431492,0.1565178718672655
11.41446837161649,0.7813242420759885,0.0,0.5309673784431492,0.15651787186726507
11.41446837161649,0.9378421139432538,0.0,0.5309673784431492,0.1565178718672655
11.41446837161649,1.0943599858105193,0.0,0.5309673784431492,0.1565178718672655
11.41446837161649,1.2508778576777848,0.0,0.5309673784431492,0.1565178718672655
11.41446837161649,1.4073957295450503,0.0,0.5309673784431492,0.1565178718672655
11.41446837161649,1.5639136014123158,0.0,0.5309673784431492,0.1565178718672655
11.41446837161649,1.720431473279581,0.0,0.5309673784431492,0.15651787186726462
11.41446837161649,1.876949345146846,0.0,0.5309673784431492,0.1565178718672655
11.41446837161649,2.0334672170141115,0.0,0.5309673784431492,0.15651787186726596
11.94543575005964,-2.505551067136585,0.0,0.5309673784431492,0.1565178718672655
11.94543575005964,-2.3490331952693193,0.0,0.5309673784431492,0.1565178718672655
11.94543575005964,-2.192515323402054,0.0,0.5309673784431492,0.15651787186726507
11.94543575005964,-2.0359974515347887,0.0,0.5309673784431492,0.1565178718672655
11.94543575005964,-1.8794795796675232,0.0,0.5309673784431492,0.1565178718672655
11.94543575005964,-1.7229617078002577,2.0,0.5309673784431492,0.1565178718672653
11.94543575005964,-1.5664438359329926,9.0,0.5309673784431492,0.1565178718672653
11.94543575005964,-1.4099259640657271,55.0,0.5309673784431492,0.1565178718672655
11.94543575005964,-1.2534080921984616,187.0,0.5309673784431492,0.1565178718672655
11.94543575005964,-1.096890220331196,525.0,0.5309673784431492,0.1565178718672653
11.94543575005964,-0.9403723484639309,718.0,0.5309673784431492,0.1565178718672653
11.94543575005964,-0.7838544765966655,638.0,0.5309673784431492,0.1565178718672655
11.94543575005964,-0.6273366047294,276.0,0.5309673784431492,0.1565178718672655
11.94543575005964,-0.4708187328621347,68.0,0.5309673784431492,0.15651787186726507
11.94543575005964,-0.3143008609948694,16.0,0.5309673784431492,0.1565178718672655
11.94543575005964,-0.1577829891276039,1.0,0.5309673784431492,0.1565178718672655
11.94543575005964,-0.0012651172603383998,0.0,0.5309673784431492,0.1565178718672655
11.94543575005964,0.1552527546069271,0.0,0.5309673784431492,0.1565178718672655
11.94543575005964,0.3117706264741924,0.0,0.5309673784431492,0.15651787186726507
11.94543575005964,0.4682884983414577,0.0,0.5309673784431492,0.1565178718672655
11.94543575005964,0.6248063702087232,0.0,0.5309673784431492,0.1565178718672655
11.94543575005964,0.7813242420759885,0.0,0.5309673784431492,0.15651787186726507
11.94543575005964,0.9378421139432538,0.0,0.5309673784431492,0.1565178718672655
11.94543575005964,1.0943599858105193,0.0,0.5309673784431492,0.1565178718672655
11.94543575005964,1.2508778576777848,0.0,0.5309673784431492,0.1565178718672655
11.94543575005964,1.4073957295450503,0.0,0.5309673784431492,0.1565178718672655
11.94543575005964,1.5639136014123158,0.0,0.5309673784431492,0.1565178718672655
11.94543575005964,1.720431473279581,0.0,0.5309673784431492,0.15651787186726462
11.94543575005964,1.876949345146846,0.0,0.5309673784431492,0.1565178718672655
11.94543575005964,2.0334672170141115,0.0,0.5309673784431492,0.15651787186726596
12.476403128502788,-2.505551067136585,0.0,0.5309673784431475,0.1565178718672655
12.476403128502788,-2.3490331952693193,0.0,0.5309673784431475,0.1565178718672655
12.476403128502788,-2.192515323402054,0.0,0.5309673784431475,0.15651787186726507
12.476403128502788,-2.0359974515347887,0.0,0.5309673784431475,0.1565178718672655
12.476403128502788,-1.8794795796675232,0.0,0.5309673784431475,0.1565178718672655
12.476403128502788,-1.7229617078002577,0.0,0.5309673784431475,0.1565178718672653
12.476403128502788,-1.5664438359329926,0.0,0.5309673784431475,0.1565178718672653
12.476403128502788,-1.4099259640657271,2.0,0.5309673784431475,0.1565178718672655
12.476403128502788,-1.2534080921984616,20.0,0.5309673784431475,0.1565178718672655
12.476403128502788,-1.096890220331196,92.0,0.5309673784431475,0.1565178718672653
12.476403128502788,-0.9403723484639309,277.0,0.5309673784431475,0.1565178718672653
12.476403128502788,-0.7838544765966655,453.0,0.5309673784431475,0.1565178718672655
12.476403128502788,-0.6273366047294,470.0,0.5309673784431475,0.1565178718672655
12.476403128502788,-0.4708187328621347,337.0,0.5309673784431475,0.15651787186726507
12.476403128502788,-0.3143008609948694,144.0,0.5309673784431475,0.1565178718672655
12.476403128502788,-0.1577829891276039,20.0,0.5309673784431475,0.1565178718672655
12.476403128502788,-0.0012651172603383998,4.0,0.5309673784431475,0.1565178718672655
12.476403128502788,0.1552527546069271,1.0,0.5309673784431475,0.1565178718672655
12.476403128502788,0.3117706264741924,0.0,0.5309673784431475,0.15651787186726507
12.476403128502788,0.4682884983414577,0.0,0.5309673784431475,0.1565178718672655
12.476403128502788,0.6248063702087232,0.0,0.5309673784431475,0.1565178718672655
12.476403128502788,0.7813242420759885,0.0,0.5309673784431475,0.15651787186726507
12.476403128502788,0.9378421139432538,0.0,0.5309673784431475,0.1565178718672655
12.476403128502788,1.0943599858105193,0.0,0.5309673784431475,0.1565178718672655
12.476403128502788,1.2508778576777848,0.0,0.5309673784431475,0.1565178718672655
12.476403128502788,1.4073957295450503,0.0,0.5309673784431475,0.1565178718672655
12.476403128502788,1.5639136014123158,0.0,0.5309673784431475,0.1565178718672655
12.476403128502788,1.720431473279581,0.0,0.5309673784431475,0.15651787186726462
12.476403128502788,1.876949345146846,0.0,0.5309673784431475,0.1565178718672655
12.476403128502788,2.0334672170141115,0.0,0.5309673784431475,0.15651787186726596
13.007370506945936,-2.505551067136585,0.0,0.5309673784431492,0.1565178718672655
13.007370506945936,-2.3490331952693193,0.0,0.5309673784431492,0.1565178718672655
13.007370506945936,-2.192515323402054,0.0,0.5309673784431492,0.15651787186726507
13.007370506945936,-2.0359974515347887,0.0,0.5309673784431492,0.1565178718672655
13.007370506945936,-1.8794795796675232,0.0,0.5309673784431492,0.1565178718672655
13.007370506945936,-1.7229617078002577,0.0,0.5309673784431492,0.1565178718672653
13.007370506945936,-1.5664438359329926,0.0,0.5309673784431492,0.1565178718672653
13.007370506945936,-1.4099259640657271,0.0,0.5309673784431492,0.1565178718672655
13.007370506945936,-1.2534080921984616,1.0,0.5309673784431492,0.1565178718672655
13.007370506945936,-1.096890220331196,2.0,0.5309673784431492,0.1565178718672653
13.007370506945936,-0.9403723484639309,17.0,0.5309673784431492,0.1565178718672653
13.007370506945936,-0.7838544765966655,73.0,0.5309673784431492,0.1565178718672655
13.007370506945936,-0.6273366047294,192.0,0.5309673784431492,0.1565178718672655
13.007370506945936,-0.4708187328621347,317.0,0.5309673784431492,0.15651787186726507
13.007370506945936,-0.3143008609948694,268.0,0.5309673784431492,0.1565178718672655
13.007370506945936,-0.1577829891276039,151.0,0.5309673784431492,0.1565178718672655
13.007370506945936,-0.0012651172603383998,51.0,0.5309673784431492,0.1565178718672655
13.007370506945936,0.1552527546069271,13.0,0.5309673784431492,0.1565178718672655
13.007370506945936,0.3117706264741924,4.0,0.5309673784431492,0.15651787186726507
13.007370506945936,0.4682884983414577,0.0,0.5309673784431492,0.1565178718672655
13.007370506945936,0.6248063702087232,0.0,0.5309673784431492,0.1565178718672655
13.007370506945936,0.7813242420759885,0.0,0.5309673784431492,0.15651787186726507
13.007370506945936,0.9378421139432538,0.0,0.5309673784431492,0.1565178718672655
13.007370506945936,1.0943599858105193,0.0,0.5309673784431492,0.1565178718672655
13.007370506945936,1.2508778576777848,0.0,0.5309673784431492,0.1565178718672655
13.007370506945936,1.4073957295450503,0.0,0.5309673784431492,0.1565178718672655
13.007370506945936,1.5639136014123158,0.0,0.5309673784431492,0.1565178718672655
13.007370506945936,1.720431473279581,0.0,0.5309673784431492,0.15651787186726462
13.007370506945936,1.876949345146846,0.0,0.5309673784431492,0.1565178718672655
13.007370506945936,2.0334672170141115,0.0,0.5309673784431492,0.15651787186726596
13.538337885389087,-2.505551067136585,0.0,0.5309673784431492,0.1565178718672655
13.538337885389087,-2.3490331952693193,0.0,0.5309673784431492,0.1565178718672655
13.538337885389087,-2.192515323402054,0.0,0.5309673784431492,0.15651787186726507
13.538337885389087,-2.0359974515347887,0.0,0.5309673784431492,0.1565178718672655
13.538337885389087,-1.8794795796675232,0.0,0.5309673784431492,0.1565178718672655
13.538337885389087,-1.7229617078002577,0.0,0.5309673784431492,0.1565178718672653
13.538337885389087,-1.5664438359329926,0.0,0.5309673784431492,0.1565178718672653
13.538337885389087,-1.4099259640657271,0.0,0.5309673784431492,0.1565178718672655
13.538337885389087,-1.2534080921984616,0.0,0.5309673784431492,0.1565178718672655
13.538337885389087,-1.096890220331196,0.0,0.5309673784431492,0.1565178718672653
13.538337885389087,-0.9403723484639309,0.0,0.5309673784431492,0.1565178718672653
13.538337885389087,-0.7838544765966655,1.0,0.5309673784431492,0.1565178718672655
13.538337885389087,-0.6273366047294,17.0,0.5309673784431492,0.1565178718672655
13.538337885389087,-0.4708187328621347,41.0,0.5309673784431492,0.15651787186726507
13.538337885389087,-0.3143008609948694,106.0,0.5309673784431492,0.1565178718672655
13.538337885389087,-0.1577829891276039,152.0,0.5309673784431492,0.1565178718672655
13.538337885389087,-0.0012651172603383998,122.0,0.5309673784431492,0.1565178718672655
13.538337885389087,0.1552527546069271,97.0,0.5309673784431492,0.1565178718672655
13.538337885389087,0.3117706264741924,24.0,0.5309673784431492,0.15651787186726507
13.538337885389087,0.4682884983414577,9.0,0.5309673784431492,0.1565178718672655
13.538337885389087,0.6248063702087232,1.0,0.5309673784431492,0.1565178718672655
13.538337885389087,0.7813242420759885,0.0,0.5309673784431492,0.15651787186726507
13.538337885389087,0.9378421139432538,0.0,0.5309673784431492,0.1565178718672655
13.538337885389087,1.0943599858105193,0.0,0.5309673784431492,0.1565178718672655
13.538337885389087,1.2508778576777848,0.0,0.5309673784431492,0.1565178718672655
13.538337885389087,1.4073957295450503,0.0,0.5309673784431492,0.1565178718672655
13.538337885389087,1.5639136014123158,0.0,0.5309673784431492,0.1565178718672655
13.538337885389087,1.720431473279581,0.0,0.5309673784431492,0.15651787186726462
13.538337885389087,1.876949345146846,0.0,0.5309673784431492,0.1565178718672655
13.538337885389087,2.0334672170141115,0.0,0.5309673784431492,0.15651787186726596
14.069305263832234,-2.505551067136585,0.0,0.5309673784431492,0.1565178718672655
14.069305263832234,-2.3490331952693193,0.0,0.5309673784431492,0.1565178718672655
14.069305263832234,-2.192515323402054,0.0,0.5309673784431492,0.15651787186726507
14.069305263832234,-2.0359974515347887,0.0,0.5309673784431492,0.1565178718672655
14.069305263832234,-1.8794795796675232,0.0,0.5309673784431492,0.1565178718672655
14.069305263832234,-1.7229617078002577,0.0,0.5309673784431492,0.1565178718672653
14.069305263832234,-1.5664438359329926,0.0,0.5309673784431492,0.1565178718672653
14.069305263832234,-1.4099259640657271,0.0,0.5309673784431492,0.1565178718672655
14.069305263832234,-1.2534080921984616,0.0,0.5309673784431492,0.1565178718672655
14.069305263832234,-1.096890220331196,0.0,0.5309673784431492,0.1565178718672653
14.069305263832234,-0.9403723484639309,0.0,0.5309673784431492,0.1565178718672653
14.069305263832234,-0.7838544765966655,0.0,0.5309673784431492,0.1565178718672655
14.069305263832234,-0.6273366047294,0.0,0.5309673784431492,0.1565178718672655
14.069305263832234,-0.4708187328621347,1.0,0.5309673784431492,0.15651787186726507
14.069305263832234,-0.3143008609948694,5.0,0.5309673784431492,0.1565178718672655
14.069305263832234,-0.1577829891276039,23.0,0.5309673784431492,0.1565178718672655
14.069305263832234,-0.0012651172603383998,51.0,0.5309673784431492,0.1565178718672655
14.069305263832234,0.1552527546069271,70.0,0.5309673784431492,0.1565178718672655
14.069305263832234,0.3117706264741924,55.0,0.5309673784431492,0.15651787186726507
14.069305263832234,0.4682884983414577,44.0,0.5309673784431492,0.1565178718672655
14.069305263832234,0.6248063702087232,13.0,0.5309673784431492,0.1565178718672655
14.069305263832234,0.7813242420759885,7.0,0.5309673784431492,0.15651787186726507
14.069305263832234,0.9378421139432538,0.0,0.5309673784431492,0.1565178718672655
14.069305263832234,1.0943599858105193,1.0,0.5309673784431492,0.1565178718672655
14.069305263832234,1.2508778576777848,0.0,0.5309673784431492,0.1565178718672655
14.069305263832234,1.4073957295450503,0.0,0.5309673784431492,0.1565178718672655
14.069305263832234,1.5639136014123158,0.0,0.5309673784431492,0.1565178718672655
14.069305263832234,1.720431473279581,0.0,0.5309673784431492,0.15651787186726462
14.069305263832234,1.876949345146846,0.0,0.5309673784431492,0.1565178718672655
14.069305263832234,2.0334672170141115,0.0,0.5309673784431492,0.15651787186726596
14.600272642275385,-2.505551067136585,0.0,0.5309673784431492,0.1565178718672655
14.600272642275385,-2.3490331952693193,0.0,0.5309673784431492,0.1565178718672655
14.600272642275385,-2.192515323402054,0.0,0.5309673784431492,0.15651787186726507
14.600272642275385,-2.0359974515347887,0.0,0.5309673784431492,0.1565178718672655
14.600272642275385,-1.8794795796675232,0.0,0.5309673784431492,0.1565178718672655
14.600272642275385,-1.7229617078002577,0.0,0.5309673784431492,0.1565178718672653
14.600272642275385,-1.5664438359329926,0.0,0.5309673784431492,0.1565178718672653
14.600272642275385,-1.4099259640657271,0.0,0.5309673784431492,0.1565178718672655
14.600272642275385,-1.2534080921984616,0.0,0.5309673784431492,0.1565178718672655
14.600272642275385,-1.096890220331196,0.0,0.5309673784431492,0.1565178718672653
14.600272642275385,-0.9403723484639309,0.0,0.5309673784431492,0.1565178718672653
14.600272642275385,-0.7838544765966655,0.0,0.5309673784431492,0.1565178718672655
14.600272642275385,-0.6273366047294,0.0,0.5309673784431492,0.1565178718672655
14.600272642275385,-0.4708187328621347,0.0,0.5309673784431492,0.15651787186726507
14.600272642275385,-0.3143008609948694,0.0,0.5309673784431492,0.1565178718672655
14.600272642275385,-0.1577829891276039,0.0,0.5309673784431492,0.1565178718672655
14.600272642275385,-0.0012651172603383998,0.0,0.5309673784431492,0.1565178718672655
14.600272642275385,0.1552527546069271,3.0,0.5309673784431492,0.1565178718672655
14.600272642275385,0.3117706264741924,11.0,0.5309673784431492,0.15651787186726507
14.600272642275385,0.4682884983414577,17.0,0.5309673784431492,0.1565178718672655
14.600272642275385,0.6248063702087232,28.0,0.5309673784431492,0.1565178718672655
14.600272642275385,0.7813242420759885,21.0,0.5309673784431492,0.15651787186726507
14.600272642275385,0.9378421139432538,10.0,0.5309673784431492,0.1565178718672655
14.600272642275385,1.0943599858105193,2.0,0.5309673784431492,0.1565178718672655
14.600272642275385,1.2508778576777848,0.0,0.5309673784431492,0.1565178718672655
14.600272642275385,1.4073957295450503,1.0,0.5309673784431492,0.1565178718672655
14.600272642275385,1.5639136014123158,0.0,0.5309673784431492,0.1565178718672655
14.600272642275385,1.720431473279581,0.0,0.5309673784431492,0.15651787186726462
14.600272642275385,1.876949345146846,0.0,0.5309673784431492,0.1565178718672655
14.600272642275385,2.0334672170141115,0.0,0.5309673784431492,0.15651787186726596
15.131240020718533,-2.505551067136585,0.0,0.5309673784431492,0.1565178718672655
15.131240020718533,-2.3490331952693193,0.0,0.5309673784431492,0.1565178718672655
15.131240020718533,-2.192515323402054,0.0,0.5309673784431492,0.15651787186726507
15.131240020718533,-2.0359974515347887,0.0,0.5309673784431492,0.1565178718672655
15.131240020718533,-1.8794795796675232,0.0,0.5309673784431492,0.1565178718672655
15.131240020718533,-1.7229617078002577,0.0,0.5309673784431492,0.1565178718672653
15.131240020718533,-1.5664438359329926,0.0,0.5309673784431492,0.1565178718672653
15.131240020718533,-1.4099259640657271,0.0,0.5309673784431492,0.1565178718672655
15.131240020718533,-1.2534080921984616,0.0,0.5309673784431492,0.1565178718672655
15.131240020718533,-1.096890220331196,0.0,0.5309673784431492,0.1565178718672653
15.131240020718533,-0.9403723484639309,0.0,0.5309673784431492,0.1565178718672653
15.131240020718533,-0.7838544765966655,0.0,0.5309673784431492,0.1565178718672655
15.131240020718533,-0.6273366047294,0.0,0.5309673784431492,0.1565178718672655
15.131240020718533,-0.4708187328621347,0.0,0.5309673784431492,0.15651787186726507
15.131240020718533,-0.3143008609948694,0.0,0.5309673784431492,0.1565178718672655
15.131240020718533,-0.1577829891276039,0.0,0.5309673784431492,0.1565178718672655
15.131240020718533,-0.0012651172603383998,0.0,0.5309673784431492,0.1565178718672655
15.131240020718533,0.1552527546069271,0.0,0.5309673784431492,0.1565178718672655
15.131240020718533,0.3117706264741924,0.0,0.5309673784431492,0.15651787186726507
15.131240020718533,0.4682884983414577,2.0,0.5309673784431492,0.1565178718672655
15.131240020718533,0.6248063702087232,0.0,0.5309673784431492,0.1565178718672655
15.131240020718533,0.7813242420759885,4.0,0.5309673784431492,0.15651787186726507
15.131240020718533,0.9378421139432538,5.0,0.5309673784431492,0.1565178718672655
15.131240020718533,1.0943599858105193,7.0,0.5309673784431492,0.1565178718672655
15.131240020718533,1.2508778576777848,5.0,0.5309673784431492,0.1565178718672655
15.131240020718533,1.4073957295450503,0.0,0.5309673784431492,0.1565178718672655
15.131240020718533,1.5639136014123158,0.0,0.5309673784431492,0.1565178718672655
15.131240020718533,1.720431473279581,0.0,0.5309673784431492,0.15651787186726462
15.131240020718533,1.876949345146846,0.0,0.5309673784431492,0.1565178718672655
15.131240020718533,2.0334672170141115,0.0,0.5309673784431492,0.15651787186726596
15.662207399161684,-2.505551067136585,0.0,0.5309673784431492,0.1565178718672655
15.662207399161684,-2.3490331952693193,0.0,0.5309673784431492,0.1565178718672655
15.662207399161684,-2.192515323402054,0.0,0.5309673784431492,0.15651787186726507
15.662207399161684,-2.0359974515347887,0.0,0.5309673784431492,0.1565178718672655
15.662207399161684,-1.8794795796675232,0.0,0.5309673784431492,0.1565178718672655
15.662207399161684,-1.7229617078002577,0.0,0.5309673784431492,0.1565178718672653
15.662207399161684,-1.5664438359329926,0.0,0.5309673784431492,0.1565178718672653
15.662207399161684,-1.4099259640657271,0.0,0.5309673784431492,0.1565178718672655
15.662207399161684,-1.2534080921984616,0.0,0.5309673784431492,0.1565178718672655
15.662207399161684,-1.096890220331196,0.0,0.5309673784431492,0.1565178718672653
15.662207399161684,-0.9403723484639309,0.0,0.5309673784431492,0.1565178718672653
15.662207399161684,-0.7838544765966655,0.0,0.5309673784431492,0.1565178718672655
15.662207399161684,-0.6273366047294,0.0,0.5309673784431492,0.1565178718672655
15.662207399161684,-0.4708187328621347,0.0,0.5309673784431492,0.15651787186726507
15.662207399161684,-0.3143008609948694,0.0,0.5309673784431492,0.1565178718672655
15.662207399161684,-0.1577829891276039,0.0,0.5309673784431492,0.1565178718672655
15.662207399161684,-0.0012651172603383998,0.0,0.5309673784431492,0.1565178718672655
15.662207399161684,0.1552527546069271,0.0,0.5309673784431492,0.1565178718672655
15.662207399161684,0.3117706264741924,0.0,0.5309673784431492,0.15651787186726507
15.662207399161684,0.4682884983414577,0.0,0.5309673784431492,0.1565178718672655
15.662207399161684,0.6248063702087232,0.0,0.5309673784431492,0.1565178718672655
15.662207399161684,0.7813242420759885,0.0,0.5309673784431492,0.15651787186726507
15.662207399161684,0.9378421139432538,0.0,0.5309673784431492,0.1565178718672655
15.662207399161684,1.0943599858105193,0.0,0.5309673784431492,0.1565178718672655
15.662207399161684,1.2508778576777848,0.0,0.5309673784431492,0.1565178718672655
15.662207399161684,1.4073957295450503,2.0,0.5309673784431492,0.1565178718672655
15.662207399161684,1.5639136014123158,0.0,0.5309673784431492,0.1565178718672655
15.662207399161684,1.720431473279581,0.0,0.5309673784431492,0.15651787186726462
15.662207399161684,1.876949345146846,2.0,0.5309673784431492,0.1565178718672655
15.662207399161684,2.0334672170141115,0.0,0.5309673784431492,0.15651787186726596
